{"cameraMode":{"drawMode":0,"name":"Shaded","section":"Shading Mode"},"sceneLighting":true,"audioPlay":false,"sceneViewState":{"m_AlwaysRefresh":false,"showFog":true,"showSkybox":true,"showFlares":true,"showImageEffects":true,"showParticleSystems":true,"showVisualEffectGraphs":true,"m_FxEnabled":true},"in2DMode":false,"pivot":{"x":-0.41366398334503176,"y":1.2281290292739869,"z":10.5939302444458},"rotation":{"x":0.09206287562847138,"y":-0.17148280143737794,"z":0.016138235107064248,"w":0.9808031916618347},"size":8.960917472839356,"orthographic":false}