{"cameraMode":{"drawMode":0,"name":"Shaded","section":"Shading Mode"},"sceneLighting":true,"audioPlay":false,"sceneViewState":{"m_AlwaysRefresh":false,"showFog":true,"showSkybox":true,"showFlares":true,"showImageEffects":true,"showParticleSystems":true,"showVisualEffectGraphs":true,"m_FxEnabled":true},"in2DMode":false,"pivot":{"x":359.8783264160156,"y":201.8049774169922,"z":-36.45708465576172},"rotation":{"x":0.0346071720123291,"y":0.10591652244329453,"z":-0.0036885151639580728,"w":0.9937737584114075},"size":167.77468872070313,"orthographic":true}