{"cameraMode":{"drawMode":0,"name":"Shaded","section":"Shading Mode"},"sceneLighting":true,"audioPlay":false,"sceneViewState":{"m_AlwaysRefresh":false,"showFog":true,"showSkybox":true,"showFlares":true,"showImageEffects":true,"showParticleSystems":true,"showVisualEffectGraphs":true,"m_FxEnabled":true},"in2DMode":false,"pivot":{"x":1.4023977518081666,"y":0.7744009494781494,"z":0.7749062776565552},"rotation":{"x":0.14202995598316194,"y":-0.38848191499710085,"z":0.06077031418681145,"w":0.9084693193435669},"size":1.9090522527694703,"orthographic":false}