{"cameraMode":{"drawMode":0,"name":"Shaded","section":"Shading Mode"},"sceneLighting":true,"audioPlay":false,"sceneViewState":{"m_AlwaysRefresh":false,"showFog":true,"showSkybox":true,"showFlares":true,"showImageEffects":true,"showParticleSystems":true,"showVisualEffectGraphs":true,"m_FxEnabled":true},"in2DMode":false,"pivot":{"x":3.2133591175079347,"y":-55.57954025268555,"z":-91.88829803466797},"rotation":{"x":-0.003165323054417968,"y":0.9626607894897461,"z":-0.27046844363212588,"w":-0.011267213150858879},"size":63.59781265258789,"orthographic":false}