{"cameraMode":{"drawMode":0,"name":"Shaded","section":"Shading Mode"},"sceneLighting":true,"audioPlay":false,"sceneViewState":{"m_AlwaysRefresh":false,"showFog":true,"showSkybox":true,"showFlares":true,"showImageEffects":true,"showParticleSystems":true,"showVisualEffectGraphs":true,"m_FxEnabled":true},"in2DMode":false,"pivot":{"x":375.77923583984377,"y":230.42605590820313,"z":-181.0445098876953},"rotation":{"x":0.007805541157722473,"y":0.032673612236976626,"z":-0.0002568684285506606,"w":0.9994529485702515},"size":276.3937072753906,"orthographic":true}