{"cameraMode":{"drawMode":0,"name":"Shaded","section":"Shading Mode"},"sceneLighting":true,"audioPlay":false,"sceneViewState":{"m_AlwaysRefresh":false,"showFog":true,"showSkybox":true,"showFlares":true,"showImageEffects":true,"showParticleSystems":true,"showVisualEffectGraphs":true,"m_FxEnabled":true},"in2DMode":false,"pivot":{"x":211.3101348876953,"y":192.3300018310547,"z":-3.161613702774048},"rotation":{"x":0.0346071720123291,"y":0.10591652244329453,"z":-0.0036885151639580728,"w":0.9937737584114075},"size":188.21511840820313,"orthographic":true}