{"cameraMode":{"drawMode":0,"name":"Shaded","section":"Shading Mode"},"sceneLighting":true,"audioPlay":false,"sceneViewState":{"m_AlwaysRefresh":false,"showFog":true,"showSkybox":true,"showFlares":true,"showImageEffects":true,"showParticleSystems":true,"showVisualEffectGraphs":true,"m_FxEnabled":true},"in2DMode":false,"pivot":{"x":335.9269104003906,"y":145.43699645996095,"z":-35.57756805419922},"rotation":{"x":0.0346071720123291,"y":0.10591652244329453,"z":-0.0036885151639580728,"w":0.9937737584114075},"size":196.57110595703126,"orthographic":true}