{"cameraMode":{"drawMode":0,"name":"Shaded","section":"Shading Mode"},"sceneLighting":true,"audioPlay":false,"sceneViewState":{"m_AlwaysRefresh":false,"showFog":true,"showSkybox":true,"showFlares":true,"showImageEffects":true,"showParticleSystems":true,"showVisualEffectGraphs":true,"m_FxEnabled":true},"in2DMode":false,"pivot":{"x":-4.318580627441406,"y":-9.501617431640625,"z":-21.545270919799806},"rotation":{"x":0.03921454772353172,"y":-0.06622207164764404,"z":0.002596868434920907,"w":0.9970474243164063},"size":645.7576293945313,"orthographic":true}