{"cameraMode":{"drawMode":0,"name":"Shaded","section":"Shading Mode"},"sceneLighting":true,"audioPlay":false,"sceneViewState":{"m_AlwaysRefresh":false,"showFog":true,"showSkybox":true,"showFlares":true,"showImageEffects":true,"showParticleSystems":true,"showVisualEffectGraphs":true,"m_FxEnabled":true},"in2DMode":false,"pivot":{"x":1.196207046508789,"y":1.2760727405548096,"z":0.6140749454498291},"rotation":{"x":0.1054888516664505,"y":-0.45667988061904909,"z":0.05468728393316269,"w":0.8817066550254822},"size":2.970207452774048,"orthographic":false}