{"cameraMode":{"drawMode":0,"name":"Shaded","section":"Shading Mode"},"sceneLighting":true,"audioPlay":false,"sceneViewState":{"m_AlwaysRefresh":false,"showFog":true,"showSkybox":true,"showFlares":true,"showImageEffects":true,"showParticleSystems":true,"showVisualEffectGraphs":true,"m_FxEnabled":true},"in2DMode":false,"pivot":{"x":-82.89810180664063,"y":0.030652524903416635,"z":-1.7455836534500123},"rotation":{"x":0.07824227958917618,"y":-0.7242774963378906,"z":0.08339402824640274,"w":0.6800194382667542},"size":58.46015167236328,"orthographic":false}