{"cameraMode":{"drawMode":0,"name":"Shaded","section":"Shading Mode"},"sceneLighting":true,"audioPlay":false,"sceneViewState":{"m_AlwaysRefresh":false,"showFog":true,"showSkybox":true,"showFlares":true,"showImageEffects":true,"showParticleSystems":true,"showVisualEffectGraphs":true,"m_FxEnabled":true},"in2DMode":false,"pivot":{"x":311.1346435546875,"y":198.52804565429688,"z":-302.3704833984375},"rotation":{"x":-0.10760636627674103,"y":-0.09469979256391525,"z":0.010297154076397419,"w":-0.9896202683448792},"size":271.4698791503906,"orthographic":false}