{"cameraMode":{"drawMode":0,"name":"Shaded","section":"Shading Mode"},"sceneLighting":false,"audioPlay":false,"sceneViewState":{"m_AlwaysRefresh":false,"showFog":true,"showSkybox":false,"showFlares":true,"showImageEffects":true,"showParticleSystems":true,"showVisualEffectGraphs":true,"m_FxEnabled":true},"in2DMode":false,"pivot":{"x":0.7038002610206604,"y":-0.039907097816467288,"z":3.1314663887023927},"rotation":{"x":0.09117341786623001,"y":0.0656762570142746,"z":-0.006026197224855423,"w":0.9936490654945374},"size":4.150817394256592,"orthographic":true}