{"cameraMode":{"drawMode":0,"name":"Shaded","section":"Shading Mode"},"sceneLighting":false,"audioPlay":false,"sceneViewState":{"m_AlwaysRefresh":false,"showFog":true,"showSkybox":false,"showFlares":true,"showImageEffects":true,"showParticleSystems":true,"showVisualEffectGraphs":true,"m_FxEnabled":true},"in2DMode":false,"pivot":{"x":-0.8430678844451904,"y":2.0991158485412599,"z":9.517559051513672},"rotation":{"x":-0.001014071749523282,"y":0.9989675879478455,"z":-0.03747959062457085,"w":-0.026998374611139299},"size":1.7514240741729737,"orthographic":false}