{"cameraMode":{"drawMode":0,"name":"Shaded","section":"Shading Mode"},"sceneLighting":false,"audioPlay":false,"sceneViewState":{"m_AlwaysRefresh":false,"showFog":true,"showSkybox":false,"showFlares":true,"showImageEffects":true,"showParticleSystems":true,"showVisualEffectGraphs":true,"m_FxEnabled":true},"in2DMode":false,"pivot":{"x":-0.09105665236711502,"y":2.978864908218384,"z":0.0076656341552734379},"rotation":{"x":0.021007906645536424,"y":-0.003304167650640011,"z":0.0000696986899129115,"w":0.9997748136520386},"size":1.1118358373641968,"orthographic":false}