{"cameraMode":{"drawMode":0,"name":"Shaded","section":"Shading Mode"},"sceneLighting":false,"audioPlay":false,"sceneViewState":{"m_AlwaysRefresh":false,"showFog":true,"showSkybox":false,"showFlares":true,"showImageEffects":true,"showParticleSystems":true,"showVisualEffectGraphs":true,"m_FxEnabled":true},"in2DMode":false,"pivot":{"x":324.228271484375,"y":126.3358154296875,"z":113.9666748046875},"rotation":{"x":-0.00630739564076066,"y":-0.02639908902347088,"z":0.00016664025315549225,"w":-0.9996323585510254},"size":244.44094848632813,"orthographic":false}